filename,x1,x2,y1,y2,max_x,max_y
bGaslniO4a_a.tif,29348,30108,28404,29675,82944,197632
bGaslniO4a_a.tif,11735,12379,70274,71195,82944,197632
2qj5MlLLBT_a.tif,11185,12276,11571,12671,82944,196608
2qj5MlLLBT_a.tif,14380,15583,11252,12434,82944,196608
2qj5MlLLBT_a.tif,12162,13834,71136,72440,82944,196608
2qj5MlLLBT_a.tif,59717,60925,69848,70838,82944,196608
2qj5MlLLBT_b.tif,11740,12998,10358,11449,82944,196608
2qj5MlLLBT_b.tif,61137,62039,12162,13157,82944,196608
2qj5MlLLBT_b.tif,5089,6113,71851,72582,82944,196608
Kn5fOmiTn6_b.tif,15341,15908,170845,171896,82688,197632
2XE4wBhzed_b.tif,15447,16761,142268,143025,82944,197888
2XE4wBhzed_b.tif,70111,71380,127898,128652,82944,197888
2XE4wBhzed_b.tif,66744,67371,82172,82577,82944,197888
2XE4wBhzed_b.tif,13425,13888,78272,78662,82944,197888
fgh7blkYnD_b.tif,33713,34283,20384,21534,82944,197888
fgh7blkYnD_b.tif,82331,82927,13889,14473,82944,197888
fgh7blkYnD_b.tif,81763,82703,61605,62565,82944,197888
fgh7blkYnD_b.tif,33809,35384,68086,69377,82944,197888
fgh7blkYnD_b.tif,31462,33198,184856,185736,82944,197888
hleQjKWUWK_b.tif,13085,14060,35280,36156,82944,197888
hleQjKWUWK_b.tif,63140,64215,86793,87606,82944,197888
hleQjKWUWK_b.tif,60389,61433,142569,143213,82944,197888
hleQjKWUWK_b.tif,14940,16373,138538,139454,82944,197888
0SJ4TLT74S_b.tif,16859,17739,36176,36969,82688,197888
0SJ4TLT74S_b.tif,71317,72166,32196,32946,82688,197888
0SJ4TLT74S_b.tif,66926,68022,84483,85622,82688,197888
L3ysO1rzsI_a.tif,59840,60507,141375,142124,82688,198144
L3ysO1rzsI_a.tif,5424,6113,138995,139795,82688,198144
L3ysO1rzsI_b.tif,4537,5102,148147,148809,82688,198144
JRcVHxC7B0_a.tif,77659,79574,37512,40280,82688,197632
JRcVHxC7B0_a.tif,5330,6123,97883,98384,82688,197632
JRcVHxC7B0_a.tif,5334,5725,97901,98279,82688,197632
JRcVHxC7B0_a.tif,67555,68721,94912,95777,82688,197632
nwOCTALslG_a.tif,6526,7323,181642,182539,82944,197888
nwOCTALslG_a.tif,62447,63430,172404,173437,82944,197888
nwOCTALslG_b.tif,70827,71889,157808,158786,82944,197888
nwOCTALslG_b.tif,74229,75181,98311,99234,82944,197888
nwOCTALslG_b.tif,18405,19323,107609,108459,82944,197888
SHpdYEvPRk_a.tif,16210,16662,127730,128444,82688,198144
SHpdYEvPRk_a.tif,67048,67661,119066,119904,82688,198144
SHpdYEvPRk_a.tif,70907,71403,58927,59496,82688,198144
SHpdYEvPRk_a.tif,18439,18911,65659,66113,82688,198144
tN07oAdLhU_a.tif,7256,8112,43352,44255,82688,198144
tN07oAdLhU_a.tif,2698,3183,82314,83003,82688,198144
tN07oAdLhU_a.tif,49301,50295,41471,42549,82688,198144
tN07oAdLhU_a.tif,49101,49785,85040,85706,82688,198144
nYqE5IHBfp_a.tif,67743,68979,154505,155796,82688,197888
nYqE5IHBfp_a.tif,12000,13733,160099,161828,82688,197888
vMK209GUvI_a.tif,13695,14202,31587,32172,82944,198656
vMK209GUvI_a.tif,15768,16657,11394,12494,82944,198656
vMK209GUvI_a.tif,66421,67557,17247,18518,82944,198656
vMK209GUvI_a.tif,14719,15540,66623,68453,82944,198656
vMK209GUvI_a.tif,15603,17102,65945,66720,82944,198656
vMK209GUvI_a.tif,18761,19639,72330,73148,82944,198656
vMK209GUvI_a.tif,21300,22238,71537,72577,82944,198656
vMK209GUvI_a.tif,59492,59914,61282,61707,82944,198656
vMK209GUvI_a.tif,58293,59091,62356,63793,82944,198656
vMK209GUvI_a.tif,62672,63523,67917,68596,82944,198656
vMK209GUvI_a.tif,65017,66072,67330,68360,82944,198656
vMK209GUvI_a.tif,60207,61131,119956,121178,82944,198656
oLPMlHLGal_a.tif,1312,2119,183135,184136,82688,198144
oLPMlHLGal_a.tif,56396,57853,171714,172965,82688,198144
pxYb4VfAwX_a.tif,1072,6374,33359,38865,82944,197632
pxYb4VfAwX_a.tif,51095,53646,35779,40486,82944,197632
TIwsDW4BcU_a.tif,8776,10052,34254,35496,82688,197888
TIwsDW4BcU_a.tif,57985,59087,31211,32200,82688,197888
PL1DqMsg73_a.tif,74031,74770,79656,80489,82688,197632
PL1DqMsg73_b.tif,66220,67134,131413,133323,82688,197632
mReC9GXuTz_a.tif,78138,79433,97615,99186,82688,196864
6uADrO6B8G_a.tif,601,4048,127402,130587,82944,197888
6uADrO6B8G_a.tif,2131,6931,21964,24888,82944,197888
6uADrO6B8G_a.tif,55730,60328,19034,21860,82944,197888
6uADrO6B8G_a.tif,2396,6897,63608,67304,82944,197888
6uADrO6B8G_a.tif,47869,51195,127799,130893,82944,197888
6uADrO6B8G_a.tif,52575,56560,178893,182367,82944,197888
6uADrO6B8G_b.tif,55161,58279,12673,14904,82944,197888
6uADrO6B8G_b.tif,57260,61168,188802,191911,82944,197888
6uADrO6B8G_b.tif,52515,56314,126225,128815,82944,197888
d9YWQcTLzD_a.tif,75553,76338,144305,145098,82944,198144
d9YWQcTLzD_b.tif,20332,21557,31931,32778,82944,198144
d9YWQcTLzD_b.tif,19392,19890,31044,31617,82944,198144
d9YWQcTLzD_b.tif,67878,68556,26247,27145,82944,198144
d9YWQcTLzD_b.tif,76082,77082,183920,184729,82944,198144
d9YWQcTLzD_b.tif,35579,36626,194350,195110,82944,198144
YtujNZy8lv_a.tif,55987,57626,182758,184752,82688,197632
YtujNZy8lv_a.tif,7149,8606,184106,185850,82688,197632
YtujNZy8lv_b.tif,56140,57880,176617,179198,82688,197632
FSlCJqyahA_b.tif,16333,16828,18320,18909,82944,197888
FSlCJqyahA_b.tif,58303,58880,16997,17764,82944,197888
fHPzaszsFO_a.tif,5695,7287,14855,16515,82688,197888
fHPzaszsFO_a.tif,52525,54486,16626,18627,82688,197888
fHPzaszsFO_a.tif,4755,6223,56738,58224,82688,197888
fHPzaszsFO_a.tif,55161,56732,67880,69415,82688,197888
fHPzaszsFO_a.tif,60039,61318,128220,129481,82688,197888
fHPzaszsFO_a.tif,9572,10960,125887,127309,82688,197888
EvCh35AKcd_a.tif,58669,60774,140766,142782,82944,197888
EvCh35AKcd_a.tif,59310,61957,142847,145309,82944,197888
EvCh35AKcd_a.tif,635,3055,144013,146195,82944,197888
EvCh35AKcd_a.tif,86,2237,141887,143957,82944,197888
EvCh35AKcd_a.tif,876,1604,80168,80911,82944,197888
EvCh35AKcd_a.tif,56260,57131,81681,82592,82944,197888
EvCh35AKcd_b.tif,66096,67184,129842,130906,82944,197888
EvCh35AKcd_b.tif,13677,15612,128048,129972,82944,197888
EvCh35AKcd_b.tif,14677,16376,126092,127709,82944,197888
EvCh35AKcd_b.tif,6277,7062,18133,18970,82944,197888
EvCh35AKcd_b.tif,71085,71889,19800,20597,82944,197888
EvCh35AKcd_b.tif,13092,13809,90896,91607,82944,197888
EvCh35AKcd_b.tif,65206,65982,91834,92568,82944,197888
ZaoHkxtuIW_a.tif,16676,17491,17279,18104,82688,198144
ZaoHkxtuIW_a.tif,73094,74055,22242,23118,82688,198144
ZaoHkxtuIW_a.tif,15637,16352,86609,87381,82688,198144
ZaoHkxtuIW_a.tif,70333,71164,78042,78868,82688,198144
ZaoHkxtuIW_b.tif,23818,24716,28247,29172,82688,198144
ZaoHkxtuIW_b.tif,68577,69438,36271,37111,82688,198144
ZaoHkxtuIW_b.tif,11639,12467,81741,82551,82688,198144
ZaoHkxtuIW_b.tif,66912,67874,89790,90747,82688,198144
51nZ7GBlix_b.tif,58556,60043,86182,87577,82944,197888
51nZ7GBlix_b.tif,1377,2667,148007,149185,82944,197888
51nZ7GBlix_b.tif,54865,55941,137060,138027,82944,197888
ju6xhS2O19_a.tif,31285,33082,30273,31990,82944,192512
ju6xhS2O19_a.tif,80493,82181,34606,36196,82944,192512
ju6xhS2O19_a.tif,27160,28540,79461,80799,82944,192512
ju6xhS2O19_b.tif,21277,23080,33661,35419,82944,192512
ju6xhS2O19_b.tif,72948,74678,32746,34315,82944,192512
ju6xhS2O19_b.tif,62417,63736,37661,38937,82944,192512
ju6xhS2O19_b.tif,75337,77059,83937,85410,82944,192512
76kH2NPcOC_a.tif,31205,32840,120923,122369,82944,197888
76kH2NPcOC_a.tif,34318,35887,181631,183154,82944,197888
76kH2NPcOC_a.tif,67358,68333,178898,179788,82944,197888
76kH2NPcOC_a.tif,69096,70084,123659,124635,82944,197888
76kH2NPcOC_a.tif,70578,71553,71986,72935,82944,197888
76kH2NPcOC_a.tif,32111,33235,68132,69124,82944,197888
76kH2NPcOC_a.tif,28359,29669,18764,19932,82944,197888
76kH2NPcOC_a.tif,71509,72747,20311,21397,82944,197888
IehPaaTZz6_b.tif,29861,30410,21589,22138,82688,198144
IehPaaTZz6_b.tif,30497,30912,20582,20989,82688,198144
IehPaaTZz6_b.tif,28196,28741,40269,40574,82688,198144
IehPaaTZz6_b.tif,58468,59086,71571,72015,82688,198144
IehPaaTZz6_b.tif,59457,60053,72095,72742,82688,198144
IehPaaTZz6_b.tif,18356,18858,92560,93076,82688,198144
IehPaaTZz6_b.tif,17065,17523,185589,186414,82688,198144
IehPaaTZz6_b.tif,78730,79490,18971,19702,82688,198144
IehPaaTZz6_b.tif,79181,79843,17716,18763,82688,198144
KuWAlQ7Uim_a.tif,31433,33677,18169,20928,82688,188928
KuWAlQ7Uim_a.tif,73428,76083,12546,15288,82688,188928
KuWAlQ7Uim_a.tif,29951,32154,65202,66087,82688,188928
Fn4HYIDBKM_a.tif,32199,32678,57873,58386,82944,197632
Fn4HYIDBKM_a.tif,18828,20242,113431,114195,82944,197632
Fn4HYIDBKM_a.tif,66407,68973,172180,173007,82944,197632
Fn4HYIDBKM_b.tif,19290,21445,118172,119921,82944,197632
Fn4HYIDBKM_b.tif,17936,19381,116188,116821,82944,197632
GJtN0vbkRH_b.tif,4156,5279,56450,57001,82944,197888
GJtN0vbkRH_b.tif,29517,30655,120985,121952,82944,197888
GJtN0vbkRH_b.tif,37352,39575,117409,118613,82944,197888
GJtN0vbkRH_b.tif,33679,35496,120570,121202,82944,197888
GJtN0vbkRH_b.tif,79729,80516,133427,134601,82944,197888
GJtN0vbkRH_b.tif,32759,34524,164957,165608,82944,197888
GJtN0vbkRH_b.tif,77259,79886,175592,176276,82944,197888
4ooLAejU32_a.tif,21349,21883,49906,50339,82944,181760
qfIUOzUMBA_b.tif,12876,13063,157909,158468,82688,173056
7IvtViVRXg_b.tif,57708,59114,119263,119721,82688,197632
yJxYpOCh6m_a.tif,4560,5006,22766,23152,82688,198144
yJxYpOCh6m_a.tif,39133,39724,29143,29611,82688,198144
yJxYpOCh6m_b.tif,18928,18941,24013,24038,82688,198144
yJxYpOCh6m_b.tif,18952,19501,23978,24698,82688,198144
yJxYpOCh6m_b.tif,65431,65904,22338,22976,82688,198144
rzsagNFXMn_a.tif,14810,15905,147515,148497,82688,198144
rzsagNFXMn_a.tif,15458,15486,148084,148204,82688,198144
rzsagNFXMn_a.tif,67518,68769,142467,143413,82688,198144
nbIYQ6pJXc_b.tif,57819,58269,174837,175225,82688,197632
nbIYQ6pJXc_b.tif,58518,59239,173753,174014,82688,197632
nbIYQ6pJXc_b.tif,7614,8310,191973,192394,82688,197632
CYgdVRqefI_a.tif,51185,52577,87606,88891,82944,198144
CYgdVRqefI_b.tif,19598,21087,116433,117845,82944,198144
CYgdVRqefI_b.tif,48402,50048,114246,115792,82944,198144
CYgdVRqefI_b.tif,35107,36595,155220,156672,82944,198144
j2SwPa04fq_a.tif,8442,9317,33482,34383,82944,182528
j2SwPa04fq_a.tif,15066,17168,45504,47441,82944,182528
j2SwPa04fq_a.tif,55497,56466,29673,30616,82944,182528
j2SwPa04fq_a.tif,57834,60470,36488,39178,82944,182528
j2SwPa04fq_a.tif,54917,56344,86994,88428,82944,182528
zMeKzML5G6_b.tif,18566,19790,160177,161301,82944,197888
kGR3yrYLds_b.tif,4685,5859,130074,130868,82688,198144
SXTPIN4eD4_a.tif,67667,68087,26679,27252,82944,197888
SXTPIN4eD4_a.tif,73753,74523,21066,21662,82944,197888
SXTPIN4eD4_a.tif,74281,74797,18717,19164,82944,197888
SXTPIN4eD4_a.tif,32806,33268,12943,13312,82944,197888
Lzx7XfUujk_a.tif,12174,12613,34455,34727,78848,195584
Lzx7XfUujk_a.tif,13308,13336,34726,34737,78848,195584
Lzx7XfUujk_a.tif,57881,58756,73569,73803,78848,195584
Lzx7XfUujk_b.tif,14121,14659,25019,25364,78848,195584
Lzx7XfUujk_b.tif,14463,15062,26445,26890,78848,195584
Lzx7XfUujk_b.tif,53455,54007,82217,82559,78848,195584
Lzx7XfUujk_b.tif,15486,15738,145827,146587,78848,195584
Lzx7XfUujk_b.tif,17181,17593,145345,145910,78848,195584
Lzx7XfUujk_b.tif,63207,63569,142583,143562,78848,195584
Lzx7XfUujk_b.tif,64715,65022,142167,142754,78848,195584
Lzx7XfUujk_b.tif,67782,68140,116477,117554,78848,195584
Lzx7XfUujk_b.tif,8802,9241,84908,85324,78848,195584
Lzx7XfUujk_b.tif,10468,10792,84122,84991,78848,195584
lFYxTFs4eF_a.tif,11866,12501,47813,48397,82688,197888
QgBvPeB8u5_b.tif,32050,32938,141796,142451,82944,197632
QgBvPeB8u5_b.tif,75817,76209,87531,88300,82944,197632
pfgu5Dsc2o_a.tif,16958,17234,24755,24971,82944,185088
pfgu5Dsc2o_a.tif,65178,65500,22160,22440,82944,185088
pfgu5Dsc2o_a.tif,65905,66280,61838,62071,82944,185088
pfgu5Dsc2o_a.tif,67975,68395,60749,60887,82944,185088
Qy7f832iwf_b.tif,23329,23880,68455,69397,82688,198400
Qy7f832iwf_b.tif,20950,22218,67490,68441,82688,198400
LVmhyW5ike_a.tif,9194,9872,15730,17196,82944,198144
LVmhyW5ike_a.tif,6153,6637,20202,20682,82944,198144
LVmhyW5ike_a.tif,5543,6724,22398,22776,82944,198144
LVmhyW5ike_a.tif,10434,12371,31687,32220,82944,198144
LVmhyW5ike_a.tif,17083,17673,34466,35094,82944,198144
LVmhyW5ike_a.tif,6137,6539,58305,59477,82944,198144
LVmhyW5ike_a.tif,50034,50789,68518,69085,82944,198144
LVmhyW5ike_a.tif,53039,53736,64211,65110,82944,198144
LVmhyW5ike_a.tif,54220,54690,66323,66658,82944,198144
LVmhyW5ike_a.tif,57527,58271,81272,81595,82944,198144
JvxiXClFKl_a.tif,20316,20451,9218,9502,82688,197888
JvxiXClFKl_a.tif,54595,54968,43555,43926,82688,197888
JvxiXClFKl_a.tif,68960,69285,36893,37146,82688,197888
JvxiXClFKl_a.tif,69289,69556,36645,36854,82688,197888
JvxiXClFKl_a.tif,69751,70029,37180,37225,82688,197888
JvxiXClFKl_a.tif,74836,75216,38960,39218,82688,197888
JvxiXClFKl_b.tif,28210,28629,53993,54455,82688,197888
JvxiXClFKl_b.tif,62792,63068,183402,183826,82688,197888
JvxiXClFKl_b.tif,23789,24337,186116,186585,82688,197888
JvxiXClFKl_b.tif,25161,25350,187618,187791,82688,197888
bxeQWjiUl3_a.tif,16437,17145,76401,77088,82688,197632
bxeQWjiUl3_a.tif,6227,7352,30312,31530,82688,197632
bxeQWjiUl3_a.tif,63582,64780,76463,77702,82688,197632
bxeQWjiUl3_a.tif,10939,11564,181989,182515,82688,197632
bxeQWjiUl3_a.tif,59946,60641,182501,183041,82688,197632
bxeQWjiUl3_a.tif,61781,62526,130439,131256,82688,197632
bxeQWjiUl3_b.tif,57282,58202,118086,118916,82688,197632
bxeQWjiUl3_b.tif,54071,55341,66884,67996,82688,197632
bxeQWjiUl3_b.tif,2007,3236,71673,72610,82688,197632
ohz3unIR9h_b.tif,7563,8140,122129,122816,82688,198144
ohz3unIR9h_b.tif,52673,53509,119864,120767,82688,198144
Mn1A3CnXrc_b.tif,69208,69915,6579,7198,83200,198144
Mn1A3CnXrc_b.tif,22029,22618,12103,12512,83200,198144
kiAdmoDDMM_a.tif,31062,32124,136153,136844,82944,198144
kiAdmoDDMM_b.tif,53474,54038,23262,24095,82944,198144
kiAdmoDDMM_b.tif,39685,40598,114007,114542,82944,198144
OokgZQp6F7_a.tif,8413,9493,65792,67051,82688,197632
OokgZQp6F7_a.tif,58925,60124,62021,62770,82688,197632
OokgZQp6F7_a.tif,66525,67178,174695,175296,82688,197632
OokgZQp6F7_b.tif,11009,11861,72852,73813,82688,197632
MjDOoRKo0F_b.tif,36728,38001,42973,43705,82944,177152
MjDOoRKo0F_b.tif,80742,81642,29834,30875,82944,177152
MjDOoRKo0F_b.tif,17571,18129,110808,112733,82944,177152
MjDOoRKo0F_b.tif,67017,67608,105614,107266,82944,177152
9KcFSsPZec_a.tif,77644,79055,71505,72698,82944,197632
as3EWwqKEE_a.tif,8517,9527,36465,37279,82688,197888
as3EWwqKEE_a.tif,19842,20864,185154,186006,82688,197888
as3EWwqKEE_a.tif,56798,57515,40713,41598,82688,197888
as3EWwqKEE_a.tif,66099,67022,181791,182648,82688,197888
lQBbQOovkN_a.tif,20711,22444,74238,75350,82688,197888
lQBbQOovkN_a.tif,12528,13363,191363,192183,82688,197888
lQBbQOovkN_a.tif,65486,66487,80017,81175,82688,197888
lQBbQOovkN_a.tif,78254,78991,192839,193618,82688,197888
lQBbQOovkN_b.tif,17667,18673,141257,142101,82688,197888
0Xl3mBHGYt_b.tif,29310,29999,21640,22258,82688,197888
0Xl3mBHGYt_b.tif,42011,42467,26969,27405,82688,197888
0Xl3mBHGYt_b.tif,24709,25796,36010,37197,82688,197888
0Xl3mBHGYt_b.tif,12727,13531,60160,61168,82688,197888
0Xl3mBHGYt_b.tif,6580,7299,65794,66445,82688,197888
0Xl3mBHGYt_b.tif,5735,6402,64580,65325,82688,197888
0Xl3mBHGYt_b.tif,10999,11535,169630,170080,82688,197888
0Xl3mBHGYt_b.tif,66439,67172,24356,25061,82688,197888
0Xl3mBHGYt_b.tif,64636,66051,45724,47211,82688,197888
0Xl3mBHGYt_b.tif,52622,53622,63953,65055,82688,197888
0Xl3mBHGYt_b.tif,46709,47473,69226,69793,82688,197888
0Xl3mBHGYt_b.tif,46020,46640,67939,68650,82688,197888
dXvgQtyWye_a.tif,15843,16638,13523,14111,82944,197632
dXvgQtyWye_a.tif,14873,15647,14232,14741,82944,197632
dXvgQtyWye_a.tif,13967,14711,11975,12503,82944,197632
dXvgQtyWye_a.tif,11417,13375,11936,12855,82944,197632
dXvgQtyWye_a.tif,16406,17570,58647,59416,82944,197632
dXvgQtyWye_a.tif,16681,18444,59955,61278,82944,197632
dXvgQtyWye_a.tif,15336,16721,122372,123294,82944,197632
dXvgQtyWye_a.tif,15672,16854,121516,122386,82944,197632
dXvgQtyWye_a.tif,68584,69274,13843,14632,82944,197632
dXvgQtyWye_a.tif,69695,70456,13394,14254,82944,197632
dXvgQtyWye_a.tif,68698,69487,12741,13483,82944,197632
dXvgQtyWye_a.tif,71782,72815,51098,51840,82944,197632
dXvgQtyWye_a.tif,71956,74021,52269,53665,82944,197632
dXvgQtyWye_a.tif,65607,66832,101720,102560,82944,197632
dXvgQtyWye_a.tif,64716,66534,102407,103385,82944,197632
dXvgQtyWye_b.tif,17981,20037,15190,16012,82944,197632
dXvgQtyWye_b.tif,22348,23345,17009,17756,82944,197632
dXvgQtyWye_b.tif,21568,22353,17765,18360,82944,197632
dXvgQtyWye_b.tif,16359,18264,51764,52542,82944,197632
dXvgQtyWye_b.tif,21044,21986,53664,54499,82944,197632
dXvgQtyWye_b.tif,15915,17503,109994,111464,82944,197632
dXvgQtyWye_b.tif,24985,26389,190864,191386,82944,197632
dXvgQtyWye_b.tif,24810,26251,191632,192341,82944,197632
dXvgQtyWye_b.tif,69547,71385,6886,7897,82944,197632
dXvgQtyWye_b.tif,72300,73068,9700,10378,82944,197632
dXvgQtyWye_b.tif,73535,74182,9523,10078,82944,197632
dXvgQtyWye_b.tif,74131,75048,51939,52709,82944,197632
dXvgQtyWye_b.tif,65856,67170,108104,109224,82944,197632
dXvgQtyWye_b.tif,66030,67840,109479,110816,82944,197632
pKV3BMNUpm_a.tif,13466,14537,109761,110781,82688,197888
pKV3BMNUpm_a.tif,68439,69377,189945,190904,82688,197888
sIWLAV09S2_a.tif,15008,15425,23778,25060,82688,197888
sIWLAV09S2_a.tif,6566,7443,46168,47049,82688,197888
sIWLAV09S2_a.tif,60252,61151,38490,39323,82688,197888
deXOH17EmS_b.tif,1952,2359,18536,19213,82688,197888
deXOH17EmS_b.tif,59637,60347,19885,20765,82688,197888
deXOH17EmS_b.tif,17268,17609,76785,77611,82688,197888
deXOH17EmS_b.tif,63879,64271,80095,80764,82688,197888
mragNTWyz4_a.tif,10791,11548,155923,157043,82688,197632
mragNTWyz4_a.tif,23437,24316,195316,196223,82688,197632
mragNTWyz4_a.tif,75298,76172,190763,191743,82688,197632
mragNTWyz4_b.tif,21362,22474,195245,196489,82688,197632
L1OuQthSCM_a.tif,2400,3305,31658,32902,82688,198400
L1OuQthSCM_b.tif,22472,23398,22166,23585,82688,198400
53y4oTNbsQ_b.tif,57045,57718,24438,25207,82944,188672
53y4oTNbsQ_b.tif,64403,64878,83122,83862,82944,188672
j7lnUcdLs9_a.tif,73156,73927,144807,145512,82688,198144
j7lnUcdLs9_a.tif,20356,20891,87881,88630,82688,198144
j7lnUcdLs9_a.tif,66507,67085,88004,88520,82688,198144
j7lnUcdLs9_b.tif,24737,25312,138284,139099,82688,198144
j7lnUcdLs9_b.tif,73723,74501,145996,146578,82688,198144
j7lnUcdLs9_b.tif,22567,23772,85826,86881,82688,198144
j7lnUcdLs9_b.tif,66966,67819,90700,91278,82688,198144
hqi5y2OzZy_a.tif,19152,21071,21384,23452,82944,198144
hqi5y2OzZy_a.tif,23336,24126,27901,28724,82944,198144
hqi5y2OzZy_a.tif,24237,25822,27231,28474,82944,198144
hqi5y2OzZy_a.tif,27809,29325,27878,29375,82944,198144
hqi5y2OzZy_a.tif,25914,26944,30017,30983,82944,198144
hqi5y2OzZy_a.tif,23704,24933,30295,33373,82944,198144
hqi5y2OzZy_a.tif,18233,20223,69397,71681,82944,198144
hqi5y2OzZy_a.tif,23483,26023,73785,75794,82944,198144
hqi5y2OzZy_a.tif,27634,29586,73728,75566,82944,198144
hqi5y2OzZy_a.tif,31330,33206,72553,75187,82944,198144
hqi5y2OzZy_a.tif,24222,27539,76476,79603,82944,198144
hqi5y2OzZy_a.tif,19868,21086,82276,83404,82944,198144
hqi5y2OzZy_a.tif,18129,18878,84218,85346,82944,198144
hqi5y2OzZy_a.tif,21062,21943,145252,146086,82944,198144
hqi5y2OzZy_a.tif,787,1526,187068,188186,82944,198144
hqi5y2OzZy_a.tif,67018,68890,30083,32348,82944,198144
hqi5y2OzZy_a.tif,56348,57589,41943,43402,82944,198144
hqi5y2OzZy_a.tif,73766,74856,30268,31803,82944,198144
hqi5y2OzZy_a.tif,73169,75282,34391,35557,82944,198144
hqi5y2OzZy_a.tif,76959,79186,34893,36409,82944,198144
hqi5y2OzZy_a.tif,80627,82361,34419,36665,82944,198144
hqi5y2OzZy_a.tif,72861,74463,37384,40976,82944,198144
hqi5y2OzZy_a.tif,75154,75973,37078,37992,82944,198144
hqi5y2OzZy_a.tif,58937,60852,66926,69175,82944,198144
hqi5y2OzZy_a.tif,60755,62300,79377,80676,82944,198144
hqi5y2OzZy_a.tif,64798,65486,72261,73067,82944,198144
hqi5y2OzZy_a.tif,65442,67103,71606,72620,82944,198144
hqi5y2OzZy_a.tif,69036,70230,71639,72632,82944,198144
hqi5y2OzZy_a.tif,72404,73585,70227,72712,82944,198144
hqi5y2OzZy_a.tif,67786,68903,73778,74471,82944,198144
hqi5y2OzZy_a.tif,66176,69216,74576,76163,82944,198144
hqi5y2OzZy_a.tif,70643,72752,124394,126934,82944,198144
hqi5y2OzZy_a.tif,70804,71794,141035,143489,82944,198144
hqi5y2OzZy_a.tif,81062,81953,121214,122621,82944,198144
hqi5y2OzZy_a.tif,77508,78643,125005,125765,82944,198144
hqi5y2OzZy_a.tif,77590,79592,123635,124667,82944,198144
hqi5y2OzZy_a.tif,81051,82273,124199,124949,82944,198144
hqi5y2OzZy_a.tif,79986,82717,125459,127020,82944,198144
hqi5y2OzZy_a.tif,79491,80320,132366,133868,82944,198144
hqi5y2OzZy_a.tif,79157,80114,135504,136594,82944,198144
TgAatQpjui_a.tif,44976,46701,139192,140500,82688,198144
wzMDIiFoYH_b.tif,60917,61904,133905,134326,82688,197632
VU72EqzciF_b.tif,24264,25157,89586,90640,82944,196608
jlrFhKAJs0_a.tif,8340,9023,66025,67396,82944,197888
jlrFhKAJs0_a.tif,9996,10566,125459,126434,82944,197888
jlrFhKAJs0_a.tif,12487,13367,126096,127761,82944,197888
jlrFhKAJs0_a.tif,63004,63927,60832,62413,82944,197888
jlrFhKAJs0_a.tif,65645,66714,61390,62611,82944,197888
jlrFhKAJs0_a.tif,64977,66023,63160,64021,82944,197888
jlrFhKAJs0_a.tif,63066,64107,122114,123515,82944,197888
jlrFhKAJs0_a.tif,65569,66771,122421,124409,82944,197888
w6vcLYRETL_a.tif,16415,17099,75418,76094,82944,197888
w6vcLYRETL_a.tif,14705,15614,119556,120371,82944,197888
w6vcLYRETL_a.tif,18196,19149,118938,120480,82944,197888
w6vcLYRETL_a.tif,30091,30705,119378,119959,82944,197888
w6vcLYRETL_a.tif,66882,67222,15354,15865,82944,197888
w6vcLYRETL_a.tif,69596,70114,21110,21592,82944,197888
w6vcLYRETL_a.tif,70466,71305,21463,22196,82944,197888
w6vcLYRETL_a.tif,66040,66564,74448,75072,82944,197888
w6vcLYRETL_a.tif,61938,62429,82143,82754,82944,197888
w6vcLYRETL_a.tif,72175,72891,84676,85320,82944,197888
w6vcLYRETL_a.tif,65151,65902,121371,122011,82944,197888
w6vcLYRETL_a.tif,69809,70794,123738,124851,82944,197888
hgF5qakk8A_a.tif,35581,36169,116078,116931,82944,196608
hgF5qakk8A_a.tif,7442,8563,187452,188011,82944,196608
hgF5qakk8A_a.tif,7987,8950,188364,189905,82944,196608
hgF5qakk8A_a.tif,60092,60690,110608,111355,82944,196608
hgF5qakk8A_a.tif,57162,57682,172573,173511,82944,196608
DP3TH5qKPF_b.tif,7144,8414,135458,136878,82688,195328
DP3TH5qKPF_b.tif,56002,56974,143454,144771,82688,195328
fGTMeSz7fy_a.tif,23650,24676,32070,32879,80384,197888
fGTMeSz7fy_a.tif,78884,80000,26065,27215,80384,197888
fGTMeSz7fy_a.tif,75494,76346,28399,29472,80384,197888
fGTMeSz7fy_a.tif,33015,33675,87213,88630,80384,197888
fGTMeSz7fy_b.tif,29940,30860,26133,27223,80384,197888
fGTMeSz7fy_b.tif,26226,26839,27905,29166,80384,197888
fGTMeSz7fy_b.tif,78867,80230,22998,24225,80384,197888
fGTMeSz7fy_b.tif,75113,76101,24974,26064,80384,197888
fGTMeSz7fy_b.tif,23803,24818,83918,85026,80384,197888
fGTMeSz7fy_b.tif,69546,70543,82939,84287,80384,197888
zmvPBONP7H_b.tif,13504,16068,24525,25922,82688,198144
zmvPBONP7H_b.tif,60121,63062,25870,27367,82688,198144
zmvPBONP7H_b.tif,29051,31281,60832,62743,82688,198144
zmvPBONP7H_b.tif,71427,73364,60545,62940,82688,198144
zmvPBONP7H_b.tif,26085,27391,126824,128133,82688,198144
zmvPBONP7H_b.tif,71707,73720,123409,125269,82688,198144
LOKtENseMR_a.tif,24235,25158,58602,60001,82688,194048
LOKtENseMR_a.tif,26520,27907,76777,77863,82688,194048
v5xAhrURsu_b.tif,15589,16611,91691,92893,82944,197888
v5xAhrURsu_b.tif,13414,14907,161295,163151,82944,197888
v5xAhrURsu_b.tif,65419,67274,156976,158982,82944,197888
4tjPwVRLqz_a.tif,9270,10178,88451,89190,82688,197888
4tjPwVRLqz_a.tif,60090,61237,83761,84735,82688,197888
4tjPwVRLqz_a.tif,59885,61257,82723,83678,82688,197888
4tjPwVRLqz_b.tif,13584,14356,71006,71673,82688,197888
4tjPwVRLqz_b.tif,13129,14571,72518,73165,82688,197888
4tjPwVRLqz_b.tif,41226,42247,70431,72088,82688,197888
4tjPwVRLqz_b.tif,2964,3954,133453,134580,82688,197888
4tjPwVRLqz_b.tif,56690,57653,135397,136272,82688,197888
4tjPwVRLqz_b.tif,56924,57719,136908,137429,82688,197888
nqUWcVW9rx_a.tif,21450,22230,22056,22752,82688,197888
nqUWcVW9rx_a.tif,14383,14833,60011,60615,82688,197888
nqUWcVW9rx_a.tif,18351,19427,124688,125309,82688,197888
nqUWcVW9rx_a.tif,20405,21226,185455,185932,82688,197888
nqUWcVW9rx_a.tif,61618,62298,34824,35656,82688,197888
nqUWcVW9rx_a.tif,64704,65426,66308,67005,82688,197888
nqUWcVW9rx_a.tif,60678,61396,125591,126047,82688,197888
nqUWcVW9rx_b.tif,10013,10802,26760,27473,82688,197888
nqUWcVW9rx_b.tif,11989,12901,76684,77283,82688,197888
nqUWcVW9rx_b.tif,16917,17677,122416,122948,82688,197888
nqUWcVW9rx_b.tif,57539,58155,18672,19480,82688,197888
nqUWcVW9rx_b.tif,60501,61225,79187,79867,82688,197888
nqUWcVW9rx_b.tif,59798,60735,118921,119639,82688,197888
CeSi7wJKWo_a.tif,57977,58928,123938,124822,82944,198144
CeSi7wJKWo_b.tif,9727,10725,123425,123955,82944,198144
CeSi7wJKWo_b.tif,60710,61613,75964,76458,82944,198144
mVcdQIceEr_a.tif,58900,59708,26541,27100,83200,197632
mVcdQIceEr_b.tif,4590,5598,20875,21629,83200,197632
mVcdQIceEr_b.tif,35544,36277,41827,42639,83200,197632
mVcdQIceEr_b.tif,81151,81569,54827,55235,83200,197632
vLpr7qRDqk_a.tif,28600,30262,12122,15522,82688,193024
vLpr7qRDqk_a.tif,68448,70748,25140,26945,82688,193024
vLpr7qRDqk_a.tif,58366,59453,33704,34525,82688,193024
vLpr7qRDqk_a.tif,76553,77401,79567,81023,82688,193024
vLpr7qRDqk_b.tif,17105,18200,31773,32591,82688,193024
vLpr7qRDqk_b.tif,77234,79517,85867,87613,82688,193024
vLpr7qRDqk_b.tif,31636,33390,84410,85657,82688,193024
xIcIp7GzFh_a.tif,21522,22505,59832,61023,82944,197632
xIcIp7GzFh_a.tif,17713,19027,61032,62866,82944,197632
xIcIp7GzFh_a.tif,14296,14816,182097,182759,82944,197632
xIcIp7GzFh_a.tif,14842,15215,182492,183024,82944,197632
xIcIp7GzFh_a.tif,65447,65877,181101,181644,82944,197632
xIcIp7GzFh_b.tif,74518,75463,20175,21382,82944,197632
xIcIp7GzFh_b.tif,27410,28807,80732,82093,82944,197632
xIcIp7GzFh_b.tif,31367,32967,78583,80206,82944,197632
xIcIp7GzFh_b.tif,36333,37945,97742,99186,82944,197632
h7MFIfZUig_a.tif,64020,64991,12832,13488,82944,192768
h7MFIfZUig_a.tif,63638,64754,14338,14844,82944,192768
h7MFIfZUig_a.tif,19827,20653,36501,36966,82944,192768
h7MFIfZUig_a.tif,58902,59960,44853,45334,82944,192768
h7MFIfZUig_a.tif,12997,14386,55960,56670,82944,192768
h7MFIfZUig_a.tif,14723,16236,58127,58657,82944,192768
h7MFIfZUig_a.tif,60447,61523,53994,54631,82944,192768
h7MFIfZUig_a.tif,66499,67895,97016,97763,82944,192768
lYkGPxzccV_a.tif,27605,28390,133189,134047,82688,197632
lYkGPxzccV_a.tif,67946,68429,124150,124925,82688,197632
lYkGPxzccV_a.tif,70874,71268,65492,66077,82688,197632
DdBvMX5j1Q_b.tif,21169,22025,98079,98949,82688,197632
kF4BCAB1Sp_a.tif,27223,28405,148471,149280,82688,197888
kF4BCAB1Sp_a.tif,75319,77064,141056,142173,82688,197888
A4zPL6GcH2_a.tif,70203,70736,185094,185768,82688,198400
A4zPL6GcH2_a.tif,22811,23456,178355,179116,82688,198400
A4zPL6GcH2_a.tif,64177,64969,125377,126292,82688,198400
A4zPL6GcH2_a.tif,15963,16472,121513,122306,82688,198400
A4zPL6GcH2_b.tif,18550,19073,182704,183424,82688,198400
A4zPL6GcH2_b.tif,66452,67011,184087,184684,82688,198400
A4zPL6GcH2_b.tif,67108,68052,121874,122989,82688,198400
A4zPL6GcH2_b.tif,19195,20021,128479,129387,82688,198400
p26rlj9zeG_a.tif,65719,66450,123742,124506,82688,197888
p26rlj9zeG_b.tif,50915,51504,153833,155237,82688,197888
p26rlj9zeG_b.tif,3273,3925,150509,151934,82688,197888
7HxL729fl6_b.tif,38839,39604,78455,79279,75008,197888
C4ZsQw520P_b.tif,51121,51795,30899,31474,82688,198144
Bu55St3rJz_a.tif,12864,13457,105050,105856,82944,197888
Bu55St3rJz_a.tif,65900,66571,93302,94038,82944,197888
Gi47IqUeDF_a.tif,18339,19270,18876,19961,82944,196352
Gi47IqUeDF_a.tif,20765,21692,75441,76568,82944,196352
Gi47IqUeDF_a.tif,18882,19649,136194,137224,82944,196352
Gi47IqUeDF_a.tif,57547,58455,18068,19380,82944,196352
Gi47IqUeDF_a.tif,65306,66048,80529,81492,82944,196352
Gi47IqUeDF_a.tif,67392,68344,140976,142094,82944,196352
Gi47IqUeDF_a.tif,64751,65505,142467,143212,82944,196352
Gi47IqUeDF_a.tif,16131,16972,137346,138071,82944,196352
aVoB0bu1wF_a.tif,26031,27013,66863,67845,82944,198144
aVoB0bu1wF_a.tif,75416,76194,57396,58185,82944,198144
ZfxfH2xiL4_a.tif,11549,12093,20595,21400,82688,197888
ZfxfH2xiL4_a.tif,6432,7252,97790,98479,82688,197888
ZfxfH2xiL4_a.tif,62784,63951,90769,91593,82688,197888
ZfxfH2xiL4_a.tif,38638,39373,94714,95396,82688,197888
ZfxfH2xiL4_a.tif,63563,64155,18048,18848,82688,197888
ZfxfH2xiL4_b.tif,26264,26908,30059,30643,82688,197888
ZfxfH2xiL4_b.tif,15580,16801,94104,95297,82688,197888
ZfxfH2xiL4_b.tif,62053,62602,16264,17052,82688,197888
ZfxfH2xiL4_b.tif,9842,10620,181297,181978,82688,197888
ZfxfH2xiL4_b.tif,64587,65481,188861,189623,82688,197888
DfObJcySsq_a.tif,8373,9833,14801,16782,82688,197888
DfObJcySsq_a.tif,77636,79414,18893,21140,82688,197888
3QqN9CekAj_a.tif,14085,14944,30354,31001,82688,197888
3QqN9CekAj_a.tif,32817,33199,24702,25095,82688,197888
3QqN9CekAj_b.tif,64261,65755,63491,65108,82688,197888
3QqN9CekAj_b.tif,7665,8444,72144,72923,82688,197888
3QqN9CekAj_b.tif,10213,11279,60859,61834,82688,197888
Uvi2balRqL_a.tif,12160,13406,137554,138501,83200,196608
Uvi2balRqL_a.tif,18770,19472,83954,84444,83200,196608
Uvi2balRqL_a.tif,64969,65853,87134,87903,83200,196608
NUrwibHLHL_a.tif,9225,10182,9550,10096,82688,198144
NUrwibHLHL_a.tif,32295,34738,113186,114203,82688,198144
NUrwibHLHL_a.tif,77730,80165,117506,118660,82688,198144
NUrwibHLHL_b.tif,48981,50474,66844,68352,82688,198144
NUrwibHLHL_b.tif,6177,7772,64626,66060,82688,198144
NUrwibHLHL_b.tif,9416,10431,114241,115473,82688,198144
NUrwibHLHL_b.tif,52946,54415,109137,111289,82688,198144
NUrwibHLHL_b.tif,72817,74843,161126,162234,82688,198144
NUrwibHLHL_b.tif,22042,24275,171505,172788,82688,198144
NUrwibHLHL_b.tif,23086,24359,170426,171330,82688,198144
0w9NQUKyFU_b.tif,53220,54046,66299,67523,82944,198144
0w9NQUKyFU_b.tif,17361,18258,72710,74166,82944,198144
1T19DfwSW2_a.tif,32473,33171,192673,193284,82944,197888
1T19DfwSW2_b.tif,35601,36419,196540,197376,82944,197888
G97Fh5Kl2L_b.tif,26446,36022,15980,22125,82944,197632
G97Fh5Kl2L_b.tif,22854,27335,68803,73973,82944,197632
G97Fh5Kl2L_b.tif,79207,83103,74360,79186,82944,197632
G97Fh5Kl2L_b.tif,22717,28650,119787,127266,82944,197632
sDJjtsF3uw_a.tif,3663,6381,10611,12288,82688,190208
LjiYW7PyOG_a.tif,6371,7346,7497,8406,82944,197632
LjiYW7PyOG_a.tif,45279,46301,18289,19296,82944,197632
nLYZDfgpUy_b.tif,31623,32642,22744,23578,82688,197888
hpY4Q7BFsz_b.tif,7266,8021,50179,51040,82688,196352
hpY4Q7BFsz_b.tif,59418,60135,55301,56472,82688,196352
hpY4Q7BFsz_b.tif,57215,58016,109075,110193,82688,196352
hpY4Q7BFsz_b.tif,9448,10347,113503,114689,82688,196352
hpY4Q7BFsz_b.tif,9531,10062,98268,98861,82688,196352
sVtUgINUai_b.tif,10153,11638,88697,90266,83200,196352
i9xm71KbYG_b.tif,31467,31986,113976,114541,82944,197632
L2Yi11xWyP_a.tif,55171,56788,36666,37648,82688,197888
L2Yi11xWyP_a.tif,15242,16113,146192,147060,82688,197888
L2Yi11xWyP_a.tif,73036,73866,154141,155039,82688,197888
L2Yi11xWyP_a.tif,22192,22668,87500,88265,82688,197888
L2Yi11xWyP_a.tif,22561,23067,87188,87976,82688,197888
L2Yi11xWyP_a.tif,73352,74349,91706,92680,82688,197888
L2Yi11xWyP_b.tif,10531,12061,37106,37974,82688,197888
L2Yi11xWyP_b.tif,58098,59491,43627,44426,82688,197888
L2Yi11xWyP_b.tif,17375,18437,100563,101254,82688,197888
L2Yi11xWyP_b.tif,32829,33497,109916,110841,82688,197888
L2Yi11xWyP_b.tif,27885,28609,152609,153478,82688,197888
L2Yi11xWyP_b.tif,78567,79358,145723,146613,82688,197888
IoiXPtKMKv_a.tif,13132,13622,63015,63486,82688,198144
IoiXPtKMKv_a.tif,56446,57755,122892,123942,82688,198144
IoiXPtKMKv_a.tif,15503,16911,137754,138883,82688,198144
sMNRS3N2Bp_a.tif,22257,22644,23035,24351,82688,198144
sMNRS3N2Bp_a.tif,20456,21821,21917,23233,82688,198144
sMNRS3N2Bp_a.tif,20125,21019,23633,24695,82688,198144
sMNRS3N2Bp_a.tif,75792,76369,17283,18887,82688,198144
sMNRS3N2Bp_a.tif,74035,74978,17841,18882,82688,198144
sMNRS3N2Bp_a.tif,74232,75512,15758,17447,82688,198144
sMNRS3N2Bp_a.tif,76047,76962,15871,17236,82688,198144
sMNRS3N2Bp_a.tif,70489,71404,13914,15209,82688,198144
sMNRS3N2Bp_a.tif,74869,75642,18806,20002,82688,198144
sMNRS3N2Bp_a.tif,63967,65029,26508,27394,82688,198144
sMNRS3N2Bp_a.tif,26555,27907,71532,72892,82688,198144
sMNRS3N2Bp_a.tif,26234,27383,73159,73917,82688,198144
sMNRS3N2Bp_a.tif,27610,28923,73135,74566,82688,198144
sMNRS3N2Bp_a.tif,28142,28939,72361,73573,82688,198144
sMNRS3N2Bp_a.tif,25820,26672,70383,71798,82688,198144
sMNRS3N2Bp_a.tif,22325,23365,84943,85897,82688,198144
sMNRS3N2Bp_a.tif,19433,20402,83707,84434,82688,198144
sMNRS3N2Bp_a.tif,69869,70893,82605,83870,82688,198144
sMNRS3N2Bp_a.tif,37777,38840,125423,127088,82688,198144
sMNRS3N2Bp_a.tif,26656,27891,134291,135651,82688,198144
sMNRS3N2Bp_a.tif,14097,15262,167221,168409,82688,198144
sMNRS3N2Bp_a.tif,17026,18800,179609,180896,82688,198144
sMNRS3N2Bp_a.tif,7746,8958,186665,189073,82688,198144
sMNRS3N2Bp_a.tif,72391,73355,187342,188428,82688,198144
rcOjDWiqC7_a.tif,21631,22406,138622,139473,82688,197632
rcOjDWiqC7_a.tif,72143,72911,134244,134959,82688,197632
rcOjDWiqC7_a.tif,20725,21544,84033,84992,82688,197632
rcOjDWiqC7_a.tif,71390,72275,32675,33463,82688,197632
42B8pnFQUm_a.tif,37844,38835,43445,44418,81664,197888
42B8pnFQUm_a.tif,39238,40640,44303,45062,81664,197888
42B8pnFQUm_a.tif,42521,43716,93173,94778,81664,197888
42B8pnFQUm_a.tif,43289,44225,92564,93735,81664,197888
42B8pnFQUm_a.tif,23520,24616,145563,146667,81664,197888
42B8pnFQUm_a.tif,15187,15684,143301,143935,81664,197888
42B8pnFQUm_a.tif,12179,13333,192793,193862,81664,197888
KXXg6YP4KC_b.tif,79468,80264,46356,47187,82688,196608
KXXg6YP4KC_b.tif,35066,35855,56472,57345,82688,196608
KXXg6YP4KC_b.tif,21672,22558,111737,112533,82688,196608
KXXg6YP4KC_b.tif,61193,62226,98236,99275,82688,196608
KXXg6YP4KC_b.tif,57163,58461,99048,100197,82688,196608
h3UfBEZ4MQ_a.tif,36586,37538,27536,28676,82688,197632
h3UfBEZ4MQ_a.tif,37327,38207,30290,31189,82688,197632
h3UfBEZ4MQ_a.tif,29676,30074,33988,34442,82688,197632
h3UfBEZ4MQ_a.tif,32204,32620,20964,21505,82688,197632
h3UfBEZ4MQ_a.tif,76067,77059,26147,27251,82688,197632
h3UfBEZ4MQ_a.tif,59948,60350,35140,35846,82688,197632
h3UfBEZ4MQ_a.tif,31286,32104,70725,71612,82688,197632
h3UfBEZ4MQ_a.tif,37923,38941,78585,79188,82688,197632
h3UfBEZ4MQ_a.tif,30123,31057,81094,81755,82688,197632
h3UfBEZ4MQ_a.tif,31479,31925,82017,82394,82688,197632
h3UfBEZ4MQ_a.tif,26017,27185,77798,79228,82688,197632
h3UfBEZ4MQ_a.tif,69609,70261,67224,67894,82688,197632
h3UfBEZ4MQ_a.tif,67348,68409,69993,70843,82688,197632
h3UfBEZ4MQ_a.tif,68786,69418,71240,71855,82688,197632
h3UfBEZ4MQ_a.tif,75412,76244,75975,76606,82688,197632
h3UfBEZ4MQ_a.tif,68634,69533,77822,78524,82688,197632
h3UfBEZ4MQ_a.tif,69959,70252,78837,79162,82688,197632
h3UfBEZ4MQ_a.tif,29321,30473,19157,20306,82688,197632
h3UfBEZ4MQ_a.tif,69109,70361,17763,18763,82688,197632
h3UfBEZ4MQ_a.tif,23707,24735,133273,134953,82688,197632
h3UfBEZ4MQ_a.tif,23324,24146,135907,137320,82688,197632
h3UfBEZ4MQ_a.tif,62070,63064,127770,128963,82688,197632
h3UfBEZ4MQ_a.tif,61146,62200,130329,131228,82688,197632
h3UfBEZ4MQ_a.tif,67914,68986,130653,132192,82688,197632
h3UfBEZ4MQ_a.tif,67808,68741,133100,134561,82688,197632
h3UfBEZ4MQ_a.tif,51815,52403,140958,142186,82688,197632
h3UfBEZ4MQ_a.tif,28795,30048,188443,189930,82688,197632
h3UfBEZ4MQ_a.tif,24697,27084,191074,192814,82688,197632
h3UfBEZ4MQ_a.tif,66439,68255,191528,193157,82688,197632
h3UfBEZ4MQ_a.tif,70146,72205,188663,189843,82688,197632
h3UfBEZ4MQ_b.tif,23999,24556,9389,9981,82688,197632
h3UfBEZ4MQ_b.tif,27634,28669,16261,17476,82688,197632
h3UfBEZ4MQ_b.tif,29701,30245,17975,18423,82688,197632
h3UfBEZ4MQ_b.tif,28369,28830,19380,19998,82688,197632
h3UfBEZ4MQ_b.tif,23549,23885,20481,20864,82688,197632
h3UfBEZ4MQ_b.tif,10404,10821,24579,25205,82688,197632
h3UfBEZ4MQ_b.tif,67048,67596,11084,11536,82688,197632
h3UfBEZ4MQ_b.tif,71519,72592,17464,18688,82688,197632
h3UfBEZ4MQ_b.tif,73775,74359,18756,19230,82688,197632
h3UfBEZ4MQ_b.tif,72560,73082,20395,21201,82688,197632
h3UfBEZ4MQ_b.tif,66494,67112,21321,21953,82688,197632
h3UfBEZ4MQ_b.tif,21476,22669,7356,8350,82688,197632
h3UfBEZ4MQ_b.tif,71418,72453,68085,68999,82688,197632
h3UfBEZ4MQ_b.tif,80521,81587,73930,74778,82688,197632
h3UfBEZ4MQ_b.tif,80548,81498,72780,73716,82688,197632
h3UfBEZ4MQ_b.tif,73025,73924,76041,76933,82688,197632
h3UfBEZ4MQ_b.tif,74528,74904,77073,77640,82688,197632
h3UfBEZ4MQ_b.tif,69032,70181,72316,74011,82688,197632
h3UfBEZ4MQ_b.tif,34424,36399,194060,195212,82688,197632
Y56OlpOxAw_b.tif,31812,33126,42609,44453,82688,197888
Y56OlpOxAw_b.tif,78015,79737,7238,8821,82688,197888
Y56OlpOxAw_b.tif,80561,82579,75719,76875,82688,197888
Y56OlpOxAw_b.tif,22062,24253,56777,58006,82688,197888
Y56OlpOxAw_b.tif,75033,76376,174682,175474,82688,197888
Y56OlpOxAw_b.tif,24606,26083,176231,177037,82688,197888
Uhhw1unfYP_a.tif,44367,45509,74598,75955,82688,197632
Uhhw1unfYP_a.tif,16947,18167,161098,162470,82688,197632
Uhhw1unfYP_a.tif,66833,67929,155393,156448,82688,197632
Uhhw1unfYP_b.tif,18348,19539,132496,133563,82688,197632
Uhhw1unfYP_b.tif,63579,64684,145672,146705,82688,197632
Uhhw1unfYP_b.tif,9828,10483,191194,192610,82688,197632
NqyWQrEPh0_a.tif,45141,46491,74763,76409,82688,196608
NqyWQrEPh0_a.tif,508,1800,78563,80068,82688,196608
NqyWQrEPh0_b.tif,3907,5369,13521,17571,82688,196608
NqyWQrEPh0_b.tif,13758,14292,27014,27985,82688,196608
NqyWQrEPh0_b.tif,48458,49913,27088,28598,82688,196608
NqyWQrEPh0_b.tif,61392,61930,76847,77836,82688,196608
NqyWQrEPh0_b.tif,14698,15300,72079,73036,82688,196608
GHtVw18ZSN_a.tif,20011,20751,142491,143106,82688,197888
GHtVw18ZSN_a.tif,35254,35783,172551,173096,82688,197888
GHtVw18ZSN_a.tif,42969,43912,131564,132514,82688,197888
GHtVw18ZSN_b.tif,59598,60458,25869,27217,82688,197888
GHtVw18ZSN_b.tif,59378,60394,25078,25781,82688,197888
3tMEZalup4_a.tif,28707,29180,74410,74830,82944,197632
cXmgCgA2fB_a.tif,65117,66158,9532,10550,82944,197888
cXmgCgA2fB_a.tif,23559,24623,17038,18191,82944,197888
cXmgCgA2fB_a.tif,28352,29220,71613,72542,82944,197888
cXmgCgA2fB_a.tif,77770,78573,67668,68464,82944,197888
on2hz03S3U_a.tif,28821,29791,22394,23423,82688,197888
on2hz03S3U_a.tif,78416,79264,23608,24511,82688,197888
on2hz03S3U_a.tif,74490,75327,81216,82003,82688,197888
on2hz03S3U_b.tif,22442,23256,37400,38228,82688,197888
on2hz03S3U_b.tif,75650,76778,24190,25336,82688,197888
3q3CtLjZ70_a.tif,12632,13494,14130,14937,82944,197632
3q3CtLjZ70_a.tif,60646,61600,12191,13064,82944,197632
3q3CtLjZ70_a.tif,57322,58270,66504,67427,82944,197632
3q3CtLjZ70_a.tif,80469,81223,153018,153728,82944,197632
3q3CtLjZ70_a.tif,57275,58568,67684,68814,82944,197632
3q3CtLjZ70_a.tif,12390,14005,15755,17314,82944,197632
3q3CtLjZ70_a.tif,60660,62178,13805,15288,82944,197632
3q3CtLjZ70_b.tif,16897,17858,76209,77149,82944,197632
3q3CtLjZ70_b.tif,63839,64813,76449,77392,82944,197632
3q3CtLjZ70_b.tif,8944,9884,141968,142907,82944,197632
3q3CtLjZ70_b.tif,8736,9849,143211,144310,82944,197632
3q3CtLjZ70_b.tif,57431,58609,142460,143647,82944,197632
3q3CtLjZ70_b.tif,57294,58052,141477,142196,82944,197632
zefEncNeVL_a.tif,59162,60579,12679,14069,82944,197632
zefEncNeVL_a.tif,11121,12342,72666,73863,82944,197632
zefEncNeVL_a.tif,11559,13137,18385,19897,82944,197632
zefEncNeVL_a.tif,58953,60190,65293,66487,82944,197632
zefEncNeVL_a.tif,17900,19345,129818,131174,82944,197632
zefEncNeVL_a.tif,63971,65393,123391,124753,82944,197632
zefEncNeVL_b.tif,21637,22686,25522,26580,82944,197632
zefEncNeVL_b.tif,68895,70045,20496,21656,82944,197632
zefEncNeVL_b.tif,67936,69496,78824,80268,82944,197632
zefEncNeVL_b.tif,17615,19200,83789,85421,82944,197632
zefEncNeVL_b.tif,14579,16096,142499,143945,82944,197632
zefEncNeVL_b.tif,60348,62265,138905,140855,82944,197632
MJhSrTBmXX_a.tif,72956,73885,4848,5821,82688,195072
MJhSrTBmXX_a.tif,20148,21313,2783,3902,82688,195072
MJhSrTBmXX_a.tif,26218,27332,48722,49840,82688,195072
MJhSrTBmXX_b.tif,18355,19278,40850,41773,82688,195072
MJhSrTBmXX_b.tif,67398,68700,39866,41122,82688,195072
6BfIdYcnhk_a.tif,63309,65600,68506,70091,82688,198144
flo7JJldPf_a.tif,27476,28124,37001,37632,82688,197632
flo7JJldPf_a.tif,30626,31457,92501,93728,82688,197632
flo7JJldPf_b.tif,31504,32263,94901,95784,82688,197632
flo7JJldPf_b.tif,80874,81860,90774,91890,82688,197632
c20yi1K8up_a.tif,31496,33237,18089,19322,82688,187648
c20yi1K8up_a.tif,34130,34921,12806,13953,82688,187648
c20yi1K8up_a.tif,14295,14863,12053,12765,82688,187648
c20yi1K8up_a.tif,61260,61901,13310,14041,82688,187648
c20yi1K8up_a.tif,63303,63961,16628,17145,82688,187648
c20yi1K8up_a.tif,81985,82544,15875,16723,82688,187648
c20yi1K8up_a.tif,49214,49913,66416,67447,82688,187648
c20yi1K8up_a.tif,57700,58699,54774,55683,82688,187648
c20yi1K8up_a.tif,4882,5527,71677,72486,82688,187648
c20yi1K8up_b.tif,35378,36001,35535,36341,82688,187648
c20yi1K8up_b.tif,64557,65684,29511,30169,82688,187648
c20yi1K8up_b.tif,62066,62701,26662,27381,82688,187648
c20yi1K8up_b.tif,79177,80891,32430,33515,82688,187648
PpiN17opPJ_a.tif,67492,68335,71876,73175,82944,197632
PpiN17opPJ_a.tif,64040,64784,86534,87656,82944,197632
PpiN17opPJ_a.tif,9957,10731,97880,98750,82944,197632
PpiN17opPJ_a.tif,10226,11225,82323,83796,82944,197632
TFrBjcO8nJ_b.tif,68603,69138,10714,11425,82688,195328
TFrBjcO8nJ_b.tif,69989,70512,77752,78675,82688,195328
TFrBjcO8nJ_b.tif,24891,25561,75268,76331,82688,195328
TFrBjcO8nJ_b.tif,63103,63818,127967,128712,82688,195328
AoV22B6lep_a.tif,25744,27451,193239,194444,82688,197888
1Im8CC1CC4_a.tif,14757,16544,69068,70955,82944,197888
1Im8CC1CC4_a.tif,60113,61597,72813,74241,82944,197888
1Im8CC1CC4_b.tif,17113,18385,60281,61843,82944,197888
1Im8CC1CC4_b.tif,63547,64880,60987,62694,82944,197888
JSjyQoYM0b_a.tif,56120,57208,43529,44563,82944,198144
JSjyQoYM0b_a.tif,4640,5829,39178,40117,82944,198144
JSjyQoYM0b_b.tif,61596,62293,32735,33633,82944,198144
JSjyQoYM0b_b.tif,10948,12288,36329,37502,82944,198144
6UX55R871W_a.tif,66757,68268,44758,45985,82944,177920
6UX55R871W_a.tif,16692,17726,58609,59646,82944,177920
6UX55R871W_b.tif,57869,59089,47936,48983,82944,177920
6UX55R871W_b.tif,60042,61590,136109,137419,82944,177920
GvAgxdkkx5_b.tif,15848,16581,83375,84346,82688,197888
RanJ4XnPUI_a.tif,75412,76526,33613,34665,82688,197632
RanJ4XnPUI_a.tif,50847,51940,119050,120133,82688,197632
RanJ4XnPUI_a.tif,18699,19399,35597,36485,82688,197632
RanJ4XnPUI_b.tif,14529,15388,125933,127107,82688,197632
RanJ4XnPUI_b.tif,66362,67648,122237,123398,82688,197632
WvVkQd1rcC_a.tif,18777,19589,17285,18130,82944,197888
WvVkQd1rcC_a.tif,19880,20861,18111,18913,82944,197888
OBcali76CC_b.tif,69796,73936,18899,21347,82944,197632
6Ie5p2WuhA_a.tif,12921,14437,108332,109471,82688,194048
BfckGajIgV_b.tif,70376,71633,81646,83240,82688,195072
BfckGajIgV_b.tif,61797,62692,71790,72575,82688,195072
BfckGajIgV_b.tif,52937,54391,72373,73250,82688,195072
s0nE2p4Ggf_a.tif,72012,74003,130904,132154,82688,197888
s0nE2p4Ggf_b.tif,14757,17072,141064,143023,82688,197888
0jUxzq4pyZ_b.tif,37620,39539,101227,103236,82944,197632
0jUxzq4pyZ_b.tif,16970,19526,98533,100195,82944,197632
75vcy7mMXR_a.tif,61919,63028,72981,74240,82688,175616
4y4EEMpL4L_a.tif,57681,59808,91751,93151,82688,197888
4y4EEMpL4L_a.tif,60837,62091,100417,101226,82688,197888
4y4EEMpL4L_a.tif,70250,73455,107242,109738,82688,197888
hFu9T3OyvU_b.tif,18507,20510,74742,76085,82688,197888
FdDctxG4xR_a.tif,80623,81902,125373,126306,82944,197888
StKznQnYkK_a.tif,12404,13302,24396,25338,82688,197888
hoSDjFgqIM_a.tif,46479,47888,27114,27568,82688,198144
hoSDjFgqIM_a.tif,28303,29410,76197,77013,82688,198144
rDPDbEQidT_a.tif,14448,15610,65366,66165,82944,189952
rDPDbEQidT_b.tif,73459,75071,12030,12953,82944,189952
RnGzC99uYt_a.tif,12305,13325,24831,25982,82688,197888
RnGzC99uYt_a.tif,21014,21718,17822,18447,82688,197888
RnGzC99uYt_a.tif,57798,58770,4340,5543,82688,197888
RnGzC99uYt_a.tif,65612,66557,5527,6355,82688,197888
RnGzC99uYt_a.tif,72811,73834,5673,6515,82688,197888
RnGzC99uYt_a.tif,75553,76304,58397,58997,82688,197888
RnGzC99uYt_a.tif,52724,53524,61182,61792,82688,197888
RnGzC99uYt_a.tif,7934,8655,145120,146146,82688,197888
RnGzC99uYt_a.tif,47705,48591,130287,131470,82688,197888
RnGzC99uYt_b.tif,19600,20277,22233,23436,82688,197888
RnGzC99uYt_b.tif,38745,39764,27618,28489,82688,197888
RnGzC99uYt_b.tif,63641,65043,21401,22261,82688,197888
RnGzC99uYt_b.tif,53276,54265,84067,84915,82688,197888
RnGzC99uYt_b.tif,10206,11092,86614,87693,82688,197888
RnGzC99uYt_b.tif,16862,17637,121544,122763,82688,197888
RnGzC99uYt_b.tif,1206,2549,144857,145608,82688,197888
RnGzC99uYt_b.tif,49340,50245,140149,141077,82688,197888
RnGzC99uYt_b.tif,65028,65685,125425,126186,82688,197888
RnGzC99uYt_b.tif,64636,65466,121939,123249,82688,197888
RnGzC99uYt_b.tif,63412,64057,121849,122884,82688,197888
17hsUcyTXf_a.tif,60292,61131,74828,75529,80128,196352
17hsUcyTXf_a.tif,19898,20273,78246,78650,80128,196352
rcsrV8UcmG_a.tif,23448,24141,24918,25688,82432,198144
mLKZvZyBVS_b.tif,29980,30423,67924,68419,82944,197888
ELfWcuBmIQ_b.tif,55694,56778,18966,19813,82944,197888
2kfmzlvPef_b.tif,26852,29353,9478,10656,82944,197888
iinx2cvN22_a.tif,42400,43884,28385,30101,82688,198144
iinx2cvN22_a.tif,44116,45243,32465,33447,82688,198144
iinx2cvN22_b.tif,13650,15119,33058,34520,82688,198144
iinx2cvN22_b.tif,15552,17530,33091,34764,82688,198144
iinx2cvN22_b.tif,62636,63632,23076,23796,82688,198144
iinx2cvN22_b.tif,54400,55561,34064,35320,82688,198144
iinx2cvN22_b.tif,55850,56902,33722,34760,82688,198144
iinx2cvN22_b.tif,24075,27752,84228,86597,82688,198144
w0d8Zi6CJJ_a.tif,75274,76271,120174,120536,82688,198400
w0d8Zi6CJJ_b.tif,17106,17768,23425,24159,82688,198400
w0d8Zi6CJJ_b.tif,69908,70711,26499,27159,82688,198400
w0d8Zi6CJJ_b.tif,59502,60390,75783,76620,82688,198400
w0d8Zi6CJJ_b.tif,72861,73439,117065,117712,82688,198400
6TJbZR5ssD_a.tif,81988,82673,87966,88629,82688,197888
6TJbZR5ssD_a.tif,62138,62800,73238,73760,82688,197888
6TJbZR5ssD_a.tif,25295,26357,134044,134771,82688,197888
6TJbZR5ssD_b.tif,75502,75862,64928,65279,82688,197888
GSbspIdpdO_b.tif,10486,10878,31534,32633,82688,197888
GSbspIdpdO_b.tif,11346,12297,28170,29979,82688,197888
GSbspIdpdO_b.tif,55759,56451,6179,7730,82688,197888
GSbspIdpdO_b.tif,27726,30686,85211,86891,82688,197888
UAlysXQVNW_a.tif,80878,81461,8368,8927,82944,198144
UAlysXQVNW_b.tif,76931,77590,15480,16177,82944,198144
UAlysXQVNW_b.tif,6316,6619,63666,64069,82944,198144
vlRYosLjRC_a.tif,17876,18702,80579,81294,82688,197888
vlRYosLjRC_a.tif,79169,79958,84264,84749,82688,197888
vlRYosLjRC_a.tif,81200,82035,84287,85067,82688,197888
vlRYosLjRC_a.tif,26873,27520,138938,139527,82688,197888
vlRYosLjRC_a.tif,69565,70029,126502,126995,82688,197888
vlRYosLjRC_a.tif,72127,73142,147709,148545,82688,197888
HpWI7vJms2_a.tif,71182,71902,57113,57462,82688,190208
TL57bR1fqg_a.tif,42811,43291,24673,25415,82688,198144
TL57bR1fqg_a.tif,64815,67019,16385,19221,82688,198144
TL57bR1fqg_a.tif,76625,77621,18364,19026,82688,198144
hysohkj7zY_b.tif,32764,33433,135652,136120,82688,197888
hysohkj7zY_b.tif,80010,80391,133635,134086,82688,197888
1tY1SMUiV3_a.tif,11689,12208,41988,43036,82688,197888
1tY1SMUiV3_a.tif,46020,46677,27230,27960,82688,197888
1tY1SMUiV3_a.tif,62721,63204,38709,39557,82688,197888
1tY1SMUiV3_a.tif,20208,20988,77453,78347,82688,197888
1tY1SMUiV3_a.tif,63149,63865,96712,97730,82688,197888
1tY1SMUiV3_a.tif,71877,72656,155159,156108,82688,197888
jxScBZDWQ8_a.tif,31383,35152,63225,65428,82688,198144
jxScBZDWQ8_a.tif,23020,24116,12578,13664,82688,198144
jxScBZDWQ8_a.tif,28663,29237,8085,8653,82688,198144
jxScBZDWQ8_a.tif,66477,67597,17298,18512,82688,198144
jxScBZDWQ8_a.tif,69998,70889,14897,15798,82688,198144
jxScBZDWQ8_a.tif,70589,71452,13820,14589,82688,198144
jxScBZDWQ8_a.tif,71721,74389,11493,13448,82688,198144
jxScBZDWQ8_a.tif,21399,22772,124203,125297,82688,198144
jxScBZDWQ8_a.tif,22466,23447,122102,123360,82688,198144
jxScBZDWQ8_a.tif,23755,27247,122279,123819,82688,198144
jxScBZDWQ8_a.tif,77908,81567,68257,70000,82688,198144
jxScBZDWQ8_a.tif,67071,68632,123788,125458,82688,198144
jxScBZDWQ8_a.tif,68736,72672,121329,123448,82688,198144
J9h1QNwKoY_b.tif,71232,72966,159497,160819,82944,197632
J9h1QNwKoY_b.tif,17203,17720,169011,169400,82944,197632
1Glok0uajd_a.tif,10695,11363,34365,34864,82688,187136
1Glok0uajd_a.tif,12503,13222,35177,35857,82688,187136
1Glok0uajd_a.tif,62002,63242,82973,83689,82688,187136
1Glok0uajd_a.tif,13599,15943,81526,82973,82688,187136
1Glok0uajd_a.tif,39391,40193,101395,102048,82688,187136
1Glok0uajd_a.tif,39568,40521,141478,142504,82688,187136
1Glok0uajd_b.tif,66455,67493,86990,88045,82688,187136
1Glok0uajd_b.tif,68757,70716,41922,43345,82688,187136
1Glok0uajd_b.tif,21728,24008,39213,41474,82688,187136
1Glok0uajd_b.tif,25151,26403,81845,82837,82688,187136
1Glok0uajd_b.tif,73586,74224,111805,112348,82688,187136
1Glok0uajd_b.tif,75604,76505,157886,158569,82688,187136
1Glok0uajd_b.tif,31941,32668,150779,151475,82688,187136
lNx85pEvBS_a.tif,70868,71812,84823,85921,82944,197632
lNx85pEvBS_a.tif,11675,12914,90720,91891,82944,197632
hMaJfChgbp_a.tif,64580,65697,185990,186857,82688,198144
hMaJfChgbp_a.tif,15209,16055,183990,185253,82688,198144
d8nGUtryeP_a.tif,15222,15615,15665,16148,82688,198144
d8nGUtryeP_a.tif,65981,66426,15049,15442,82688,198144
d8nGUtryeP_b.tif,4061,4658,4520,4984,82688,198144
LuzbnmLjVW_a.tif,19582,20571,184817,185848,82688,197632
LuzbnmLjVW_a.tif,66352,67576,179282,180547,82688,197632
OXCUbLOBGD_b.tif,7088,7895,31165,31799,82688,197632
OXCUbLOBGD_b.tif,33743,34488,20678,21300,82688,197632
OXCUbLOBGD_b.tif,49559,50358,18837,19500,82688,197632
OXCUbLOBGD_b.tif,74788,75659,60565,61516,82688,197632
OXCUbLOBGD_b.tif,57530,59821,70698,73156,82688,197632
OXCUbLOBGD_b.tif,19428,22541,84749,86938,82688,197632
OXCUbLOBGD_b.tif,21828,22601,82245,82869,82688,197632
OXCUbLOBGD_b.tif,68012,68957,140258,141058,82688,197632
OXCUbLOBGD_b.tif,66432,67690,139156,140454,82688,197632
P6q9YockQP_a.tif,27457,28130,15631,16222,82688,197888
P6q9YockQP_a.tif,81190,81856,7524,8153,82688,197888
WipCgQtJPE_b.tif,25648,26120,118162,118743,73728,198144
HXg0IHq2ed_a.tif,31134,32648,30166,30982,82688,188928
HXg0IHq2ed_a.tif,6483,7469,93930,94646,82688,188928
HXg0IHq2ed_a.tif,53387,54624,76074,76902,82688,188928
w3DXwGBBdw_b.tif,6623,7294,14851,15530,82688,197632
w3DXwGBBdw_b.tif,63960,64639,12369,13177,82688,197632
w3DXwGBBdw_b.tif,60657,61644,73270,74175,82688,197632
DZLwcK43gz_a.tif,2948,3689,192854,193595,82688,197888
DZLwcK43gz_a.tif,53908,54717,186949,187750,82688,197888
DZLwcK43gz_b.tif,8655,9433,189208,190202,82688,197888
DZLwcK43gz_b.tif,54021,54776,192443,193208,82688,197888
lGm6TmVXhe_b.tif,61772,63628,93245,94918,82688,197888
lGm6TmVXhe_b.tif,14957,16552,96925,98291,82688,197888
lDSTGinBH9_b.tif,11467,12205,32309,33062,82944,198144
FqSbTQijxP_a.tif,29613,30509,189064,189586,82688,195328
OypuRMZ1of_b.tif,17188,17985,30050,30786,82688,183552
OypuRMZ1of_b.tif,28269,28862,15484,16258,82688,183552
OypuRMZ1of_b.tif,15621,16482,78483,79295,82688,183552
qmuMj8nClq_a.tif,71069,71689,30283,31323,82688,197888
9YyMyBInqO_b.tif,65321,65970,34804,35426,80128,197888
9YyMyBInqO_b.tif,66034,66727,34958,35471,80128,197888
4q4lgKXbiH_a.tif,66655,67388,28633,29201,83200,197888
4q4lgKXbiH_b.tif,14925,15734,33552,34465,83200,197888
4q4lgKXbiH_b.tif,77030,77884,25204,26135,83200,197888
